order_id,customer_id,province,amount,status,order_date,source_file,load_time
20,CUS038,HaiPhong,3086646,SUCCESS,2026-05-11,file:///C:/Users/ADMIN/Downloads/pyspark-orders-repo%20(1)/pyspark-orders-repo/orders.csv,2026-09-10T09:31:12.799+07:00
217,CUS036,DaNang,1906962,Pending,2026-07-30,file:///C:/Users/ADMIN/Downloads/pyspark-orders-repo%20(1)/pyspark-orders-repo/orders.csv,2026-09-10T09:31:12.799+07:00
164,CUS018,CanTho,387487,CANCELLED,2026-05-01,file:///C:/Users/ADMIN/Downloads/pyspark-orders-repo%20(1)/pyspark-orders-repo/orders.csv,2026-09-10T09:31:12.799+07:00
121,CUS039,Hanoi,1423767,FAILED,2026-05-29,file:///C:/Users/ADMIN/Downloads/pyspark-orders-repo%20(1)/pyspark-orders-repo/orders.csv,2026-09-10T09:31:12.799+07:00
189,CUS040,HaiPhong,723733,Failed,2026-08-08,file:///C:/Users/ADMIN/Downloads/pyspark-orders-repo%20(1)/pyspark-orders-repo/orders.csv,2026-09-10T09:31:12.799+07:00
231,CUS033,CanTho,-1,SUCCESS,2026-07-23,file:///C:/Users/ADMIN/Downloads/pyspark-orders-repo%20(1)/pyspark-orders-repo/orders.csv,2026-09-10T09:31:12.799+07:00
4,CUS036,HCM,4621300,success,2026-05-31,file:///C:/Users/ADMIN/Downloads/pyspark-orders-repo%20(1)/pyspark-orders-repo/orders.csv,2026-09-10T09:31:12.799+07:00
140,CUS008,HCM,2697008,Success,2026-09-01,file:///C:/Users/ADMIN/Downloads/pyspark-orders-repo%20(1)/pyspark-orders-repo/orders.csv,2026-09-10T09:31:12.799+07:00
,CUS023,HCM,4989656,success,2026-01-05,file:///C:/Users/ADMIN/Downloads/pyspark-orders-repo%20(1)/pyspark-orders-repo/orders.csv,2026-09-10T09:31:12.799+07:00
131,CUS049,HaiPhong,4830245,pending,2026-03-28,file:///C:/Users/ADMIN/Downloads/pyspark-orders-repo%20(1)/pyspark-orders-repo/orders.csv,2026-09-10T09:31:12.799+07:00
62,CUS035,DaNang,4487076,Success,2026-03-18,file:///C:/Users/ADMIN/Downloads/pyspark-orders-repo%20(1)/pyspark-orders-repo/orders.csv,2026-09-10T09:31:12.799+07:00
167,CUS021,Hanoi,1399096,Success,2026-05-07,file:///C:/Users/ADMIN/Downloads/pyspark-orders-repo%20(1)/pyspark-orders-repo/orders.csv,2026-09-10T09:31:12.799+07:00
67,CUS022,HCM,2247440,success,2026-05-22,file:///C:/Users/ADMIN/Downloads/pyspark-orders-repo%20(1)/pyspark-orders-repo/orders.csv,2026-09-10T09:31:12.799+07:00
135,CUS016,HaiPhong,4148488,PENDING,2026-06-26,file:///C:/Users/ADMIN/Downloads/pyspark-orders-repo%20(1)/pyspark-orders-repo/orders.csv,2026-09-10T09:31:12.799+07:00
113,CUS006,HaiPhong,1188329,FAILED,2026-01-13,file:///C:/Users/ADMIN/Downloads/pyspark-orders-repo%20(1)/pyspark-orders-repo/orders.csv,2026-09-10T09:31:12.799+07:00
71,CUS003,DaNang,1812249,Pending,2026-01-27,file:///C:/Users/ADMIN/Downloads/pyspark-orders-repo%20(1)/pyspark-orders-repo/orders.csv,2026-09-10T09:31:12.799+07:00
119,CUS010,HCM,1108818,SUCCESS,2026-05-25,file:///C:/Users/ADMIN/Downloads/pyspark-orders-repo%20(1)/pyspark-orders-repo/orders.csv,2026-09-10T09:31:12.799+07:00
212,CUS022,Hanoi,3978648,FAILED,2026-07-13,file:///C:/Users/ADMIN/Downloads/pyspark-orders-repo%20(1)/pyspark-orders-repo/orders.csv,2026-09-10T09:31:12.799+07:00
123,CUS046,HCM,687504,Pending,2026-03-04,file:///C:/Users/ADMIN/Downloads/pyspark-orders-repo%20(1)/pyspark-orders-repo/orders.csv,2026-09-10T09:31:12.799+07:00
31,CUS006,Hanoi,4126783,Cancelled,2026-07-16,file:///C:/Users/ADMIN/Downloads/pyspark-orders-repo%20(1)/pyspark-orders-repo/orders.csv,2026-09-10T09:31:12.799+07:00
45,CUS028,HCM,2386606,SUCCESS,2026-04-24,file:///C:/Users/ADMIN/Downloads/pyspark-orders-repo%20(1)/pyspark-orders-repo/orders.csv,2026-09-10T09:31:12.799+07:00
,CUS032,CanTho,3473524,success,2026-01-09,file:///C:/Users/ADMIN/Downloads/pyspark-orders-repo%20(1)/pyspark-orders-repo/orders.csv,2026-09-10T09:31:12.799+07:00
174,CUS016,HCM,2656761,Pending,2026-04-15,file:///C:/Users/ADMIN/Downloads/pyspark-orders-repo%20(1)/pyspark-orders-repo/orders.csv,2026-09-10T09:31:12.799+07:00
19,CUS036,CanTho,2254036,pending,2026-08-18,file:///C:/Users/ADMIN/Downloads/pyspark-orders-repo%20(1)/pyspark-orders-repo/orders.csv,2026-09-10T09:31:12.799+07:00
9,CUS041,CanTho,3083614,Pending,2026-01-18,file:///C:/Users/ADMIN/Downloads/pyspark-orders-repo%20(1)/pyspark-orders-repo/orders.csv,2026-09-10T09:31:12.799+07:00
26,CUS047,DaNang,4249220,Cancelled,2026-08-22,file:///C:/Users/ADMIN/Downloads/pyspark-orders-repo%20(1)/pyspark-orders-repo/orders.csv,2026-09-10T09:31:12.799+07:00
128,CUS047,CanTho,2315615,Pending,2026-07-18,file:///C:/Users/ADMIN/Downloads/pyspark-orders-repo%20(1)/pyspark-orders-repo/orders.csv,2026-09-10T09:31:12.799+07:00
129,CUS031,HaiPhong,3703863,Cancelled,2026-03-10,file:///C:/Users/ADMIN/Downloads/pyspark-orders-repo%20(1)/pyspark-orders-repo/orders.csv,2026-09-10T09:31:12.799+07:00
83,CUS017,Hanoi,3707915,Success,2026-06-25,file:///C:/Users/ADMIN/Downloads/pyspark-orders-repo%20(1)/pyspark-orders-repo/orders.csv,2026-09-10T09:31:12.799+07:00
48,CUS014,HaiPhong,541869,SUCCESS,2026-04-10,file:///C:/Users/ADMIN/Downloads/pyspark-orders-repo%20(1)/pyspark-orders-repo/orders.csv,2026-09-10T09:31:12.799+07:00
233,CUS050,CanTho,-50000,SUCCESS,2026-04-21,file:///C:/Users/ADMIN/Downloads/pyspark-orders-repo%20(1)/pyspark-orders-repo/orders.csv,2026-09-10T09:31:12.799+07:00
36,CUS005,DaNang,226448,PENDING,2026-05-31,file:///C:/Users/ADMIN/Downloads/pyspark-orders-repo%20(1)/pyspark-orders-repo/orders.csv,2026-09-10T09:31:12.799+07:00
78,CUS022,DaNang,632343,failed,2026-03-31,file:///C:/Users/ADMIN/Downloads/pyspark-orders-repo%20(1)/pyspark-orders-repo/orders.csv,2026-09-10T09:31:12.799+07:00
35,CUS024,HaiPhong,4391740,SUCCESS,2026-02-27,file:///C:/Users/ADMIN/Downloads/pyspark-orders-repo%20(1)/pyspark-orders-repo/orders.csv,2026-09-10T09:31:12.799+07:00
194,CUS002,Hanoi,2771051,cancelled,2026-04-02,file:///C:/Users/ADMIN/Downloads/pyspark-orders-repo%20(1)/pyspark-orders-repo/orders.csv,2026-09-10T09:31:12.799+07:00
170,CUS033,Hanoi,4601604,SUCCESS,2026-02-18,file:///C:/Users/ADMIN/Downloads/pyspark-orders-repo%20(1)/pyspark-orders-repo/orders.csv,2026-09-10T09:31:12.799+07:00
104,CUS035,Hanoi,1210765,success,2026-06-27,file:///C:/Users/ADMIN/Downloads/pyspark-orders-repo%20(1)/pyspark-orders-repo/orders.csv,2026-09-10T09:31:12.799+07:00
133,CUS017,DaNang,2395945,Failed,2026-08-14,file:///C:/Users/ADMIN/Downloads/pyspark-orders-repo%20(1)/pyspark-orders-repo/orders.csv,2026-09-10T09:31:12.799+07:00
112,CUS035,Hanoi,3355281,Pending,2026-01-07,file:///C:/Users/ADMIN/Downloads/pyspark-orders-repo%20(1)/pyspark-orders-repo/orders.csv,2026-09-10T09:31:12.799+07:00
61,CUS005,HCM,3149817,success,2026-08-02,file:///C:/Users/ADMIN/Downloads/pyspark-orders-repo%20(1)/pyspark-orders-repo/orders.csv,2026-09-10T09:31:12.799+07:00
100,CUS047,CanTho,3629760,Cancelled,2026-04-25,file:///C:/Users/ADMIN/Downloads/pyspark-orders-repo%20(1)/pyspark-orders-repo/orders.csv,2026-09-10T09:31:12.799+07:00
226,CUS031,HaiPhong,-1,Success,2026-01-28,file:///C:/Users/ADMIN/Downloads/pyspark-orders-repo%20(1)/pyspark-orders-repo/orders.csv,2026-09-10T09:31:12.799+07:00
76,CUS003,HaiPhong,1915909,success,2026-03-31,file:///C:/Users/ADMIN/Downloads/pyspark-orders-repo%20(1)/pyspark-orders-repo/orders.csv,2026-09-10T09:31:12.799+07:00
166,CUS041,HaiPhong,815396,success,2026-03-27,file:///C:/Users/ADMIN/Downloads/pyspark-orders-repo%20(1)/pyspark-orders-repo/orders.csv,2026-09-10T09:31:12.799+07:00
,CUS018,HCM,1140453,Success,2026-03-06,file:///C:/Users/ADMIN/Downloads/pyspark-orders-repo%20(1)/pyspark-orders-repo/orders.csv,2026-09-10T09:31:12.799+07:00
141,CUS049,HCM,1656762,success,2026-03-12,file:///C:/Users/ADMIN/Downloads/pyspark-orders-repo%20(1)/pyspark-orders-repo/orders.csv,2026-09-10T09:31:12.799+07:00
215,CUS044,DaNang,4953645,Success,2026-08-29,file:///C:/Users/ADMIN/Downloads/pyspark-orders-repo%20(1)/pyspark-orders-repo/orders.csv,2026-09-10T09:31:12.799+07:00
142,CUS047,CanTho,4450973,PENDING,2026-08-02,file:///C:/Users/ADMIN/Downloads/pyspark-orders-repo%20(1)/pyspark-orders-repo/orders.csv,2026-09-10T09:31:12.799+07:00
92,CUS043,CanTho,2861762,SUCCESS,2026-06-22,file:///C:/Users/ADMIN/Downloads/pyspark-orders-repo%20(1)/pyspark-orders-repo/orders.csv,2026-09-10T09:31:12.799+07:00
155,CUS031,DaNang,323802,Success,2026-03-14,file:///C:/Users/ADMIN/Downloads/pyspark-orders-repo%20(1)/pyspark-orders-repo/orders.csv,2026-09-10T09:31:12.799+07:00
126,CUS033,DaNang,156133,cancelled,2026-01-28,file:///C:/Users/ADMIN/Downloads/pyspark-orders-repo%20(1)/pyspark-orders-repo/orders.csv,2026-09-10T09:31:12.799+07:00
53,CUS004,CanTho,722023,FAILED,2026-06-02,file:///C:/Users/ADMIN/Downloads/pyspark-orders-repo%20(1)/pyspark-orders-repo/orders.csv,2026-09-10T09:31:12.799+07:00
,CUS012,Hanoi,266259,SUCCESS,2026-01-04,file:///C:/Users/ADMIN/Downloads/pyspark-orders-repo%20(1)/pyspark-orders-repo/orders.csv,2026-09-10T09:31:12.799+07:00
63,CUS043,Hanoi,1176515,SUCCESS,2026-07-10,file:///C:/Users/ADMIN/Downloads/pyspark-orders-repo%20(1)/pyspark-orders-repo/orders.csv,2026-09-10T09:31:12.799+07:00
,CUS005,CanTho,1787761,Success,2026-02-25,file:///C:/Users/ADMIN/Downloads/pyspark-orders-repo%20(1)/pyspark-orders-repo/orders.csv,2026-09-10T09:31:12.799+07:00
60,CUS014,CanTho,2274662,success,2026-08-14,file:///C:/Users/ADMIN/Downloads/pyspark-orders-repo%20(1)/pyspark-orders-repo/orders.csv,2026-09-10T09:31:12.799+07:00
,CUS022,HCM,1106326,Success,2026-02-22,file:///C:/Users/ADMIN/Downloads/pyspark-orders-repo%20(1)/pyspark-orders-repo/orders.csv,2026-09-10T09:31:12.799+07:00
138,CUS031,CanTho,4503695,Success,2026-05-21,file:///C:/Users/ADMIN/Downloads/pyspark-orders-repo%20(1)/pyspark-orders-repo/orders.csv,2026-09-10T09:31:12.799+07:00
105,CUS010,HCM,588790,success,2026-05-19,file:///C:/Users/ADMIN/Downloads/pyspark-orders-repo%20(1)/pyspark-orders-repo/orders.csv,2026-09-10T09:31:12.799+07:00
159,CUS011,DaNang,4824854,failed,2026-02-01,file:///C:/Users/ADMIN/Downloads/pyspark-orders-repo%20(1)/pyspark-orders-repo/orders.csv,2026-09-10T09:31:12.799+07:00
5,CUS018,Hanoi,1389319,pending,2026-03-13,file:///C:/Users/ADMIN/Downloads/pyspark-orders-repo%20(1)/pyspark-orders-repo/orders.csv,2026-09-10T09:31:12.799+07:00
220,CUS035,HCM,3310197,Success,2026-09-01,file:///C:/Users/ADMIN/Downloads/pyspark-orders-repo%20(1)/pyspark-orders-repo/orders.csv,2026-09-10T09:31:12.799+07:00
50,CUS036,HaiPhong,1348529,SUCCESS,2026-09-05,file:///C:/Users/ADMIN/Downloads/pyspark-orders-repo%20(1)/pyspark-orders-repo/orders.csv,2026-09-10T09:31:12.799+07:00
43,CUS042,Hanoi,558455,success,2026-07-24,file:///C:/Users/ADMIN/Downloads/pyspark-orders-repo%20(1)/pyspark-orders-repo/orders.csv,2026-09-10T09:31:12.799+07:00
134,CUS018,CanTho,135153,SUCCESS,2026-01-22,file:///C:/Users/ADMIN/Downloads/pyspark-orders-repo%20(1)/pyspark-orders-repo/orders.csv,2026-09-10T09:31:12.799+07:00
44,CUS007,HCM,1657174,success,2026-02-05,file:///C:/Users/ADMIN/Downloads/pyspark-orders-repo%20(1)/pyspark-orders-repo/orders.csv,2026-09-10T09:31:12.799+07:00
150,CUS036,HaiPhong,1943200,cancelled,2026-04-26,file:///C:/Users/ADMIN/Downloads/pyspark-orders-repo%20(1)/pyspark-orders-repo/orders.csv,2026-09-10T09:31:12.799+07:00
118,CUS049,Hanoi,2124362,SUCCESS,2026-06-09,file:///C:/Users/ADMIN/Downloads/pyspark-orders-repo%20(1)/pyspark-orders-repo/orders.csv,2026-09-10T09:31:12.799+07:00
11,CUS007,HaiPhong,2381811,success,2026-02-11,file:///C:/Users/ADMIN/Downloads/pyspark-orders-repo%20(1)/pyspark-orders-repo/orders.csv,2026-09-10T09:31:12.799+07:00
68,CUS046,HaiPhong,4755227,SUCCESS,2026-08-30,file:///C:/Users/ADMIN/Downloads/pyspark-orders-repo%20(1)/pyspark-orders-repo/orders.csv,2026-09-10T09:31:12.799+07:00
101,CUS011,HaiPhong,3825458,SUCCESS,2026-08-04,file:///C:/Users/ADMIN/Downloads/pyspark-orders-repo%20(1)/pyspark-orders-repo/orders.csv,2026-09-10T09:31:12.799+07:00
75,CUS016,DaNang,1385448,CANCELLED,2026-04-08,file:///C:/Users/ADMIN/Downloads/pyspark-orders-repo%20(1)/pyspark-orders-repo/orders.csv,2026-09-10T09:31:12.799+07:00
,CUS048,CanTho,3565890,Success,2026-07-10,file:///C:/Users/ADMIN/Downloads/pyspark-orders-repo%20(1)/pyspark-orders-repo/orders.csv,2026-09-10T09:31:12.799+07:00
,CUS035,DaNang,557930,success,2026-03-12,file:///C:/Users/ADMIN/Downloads/pyspark-orders-repo%20(1)/pyspark-orders-repo/orders.csv,2026-09-10T09:31:12.799+07:00
161,CUS032,HaiPhong,724795,pending,2026-07-08,file:///C:/Users/ADMIN/Downloads/pyspark-orders-repo%20(1)/pyspark-orders-repo/orders.csv,2026-09-10T09:31:12.799+07:00
207,CUS017,HCM,865070,Failed,2026-01-11,file:///C:/Users/ADMIN/Downloads/pyspark-orders-repo%20(1)/pyspark-orders-repo/orders.csv,2026-09-10T09:31:12.799+07:00
188,CUS042,HCM,677704,success,2026-03-28,file:///C:/Users/ADMIN/Downloads/pyspark-orders-repo%20(1)/pyspark-orders-repo/orders.csv,2026-09-10T09:31:12.799+07:00
93,CUS020,HCM,1720422,SUCCESS,2026-03-04,file:///C:/Users/ADMIN/Downloads/pyspark-orders-repo%20(1)/pyspark-orders-repo/orders.csv,2026-09-10T09:31:12.799+07:00
152,CUS040,Hanoi,882431,FAILED,2026-06-10,file:///C:/Users/ADMIN/Downloads/pyspark-orders-repo%20(1)/pyspark-orders-repo/orders.csv,2026-09-10T09:31:12.799+07:00
115,CUS049,HaiPhong,2384185,cancelled,2026-03-06,file:///C:/Users/ADMIN/Downloads/pyspark-orders-repo%20(1)/pyspark-orders-repo/orders.csv,2026-09-10T09:31:12.799+07:00
94,CUS031,CanTho,660927,Success,2026-05-28,file:///C:/Users/ADMIN/Downloads/pyspark-orders-repo%20(1)/pyspark-orders-repo/orders.csv,2026-09-10T09:31:12.799+07:00
228,CUS039,HCM,0,SUCCESS,2026-03-12,file:///C:/Users/ADMIN/Downloads/pyspark-orders-repo%20(1)/pyspark-orders-repo/orders.csv,2026-09-10T09:31:12.799+07:00
15,CUS036,HCM,2770280,CANCELLED,2026-02-28,file:///C:/Users/ADMIN/Downloads/pyspark-orders-repo%20(1)/pyspark-orders-repo/orders.csv,2026-09-10T09:31:12.799+07:00
116,CUS006,HaiPhong,212598,PENDING,2026-09-01,file:///C:/Users/ADMIN/Downloads/pyspark-orders-repo%20(1)/pyspark-orders-repo/orders.csv,2026-09-10T09:31:12.799+07:00
54,CUS005,HCM,3437114,Success,2026-03-05,file:///C:/Users/ADMIN/Downloads/pyspark-orders-repo%20(1)/pyspark-orders-repo/orders.csv,2026-09-10T09:31:12.799+07:00
82,CUS039,CanTho,1020107,Success,2026-02-18,file:///C:/Users/ADMIN/Downloads/pyspark-orders-repo%20(1)/pyspark-orders-repo/orders.csv,2026-09-10T09:31:12.799+07:00
52,CUS004,CanTho,4049591,Success,2026-02-10,file:///C:/Users/ADMIN/Downloads/pyspark-orders-repo%20(1)/pyspark-orders-repo/orders.csv,2026-09-10T09:31:12.799+07:00
175,CUS006,HCM,1001780,SUCCESS,2026-06-15,file:///C:/Users/ADMIN/Downloads/pyspark-orders-repo%20(1)/pyspark-orders-repo/orders.csv,2026-09-10T09:31:12.799+07:00
206,CUS015,CanTho,3005482,SUCCESS,2026-06-08,file:///C:/Users/ADMIN/Downloads/pyspark-orders-repo%20(1)/pyspark-orders-repo/orders.csv,2026-09-10T09:31:12.799+07:00
223,CUS007,HaiPhong,-50000,SUCCESS,2026-08-31,file:///C:/Users/ADMIN/Downloads/pyspark-orders-repo%20(1)/pyspark-orders-repo/orders.csv,2026-09-10T09:31:12.799+07:00
149,CUS010,CanTho,2598757,SUCCESS,2026-01-31,file:///C:/Users/ADMIN/Downloads/pyspark-orders-repo%20(1)/pyspark-orders-repo/orders.csv,2026-09-10T09:31:12.799+07:00
120,CUS014,HaiPhong,2199527,CANCELLED,2026-06-05,file:///C:/Users/ADMIN/Downloads/pyspark-orders-repo%20(1)/pyspark-orders-repo/orders.csv,2026-09-10T09:31:12.799+07:00
59,CUS030,CanTho,4772732,FAILED,2026-05-18,file:///C:/Users/ADMIN/Downloads/pyspark-orders-repo%20(1)/pyspark-orders-repo/orders.csv,2026-09-10T09:31:12.799+07:00
3,CUS002,Hanoi,1884068,Success,2026-01-07,file:///C:/Users/ADMIN/Downloads/pyspark-orders-repo%20(1)/pyspark-orders-repo/orders.csv,2026-09-10T09:31:12.799+07:00
192,CUS019,HCM,808156,SUCCESS,2026-07-14,file:///C:/Users/ADMIN/Downloads/pyspark-orders-repo%20(1)/pyspark-orders-repo/orders.csv,2026-09-10T09:31:12.799+07:00
6,CUS010,HCM,2873559,success,2026-01-25,file:///C:/Users/ADMIN/Downloads/pyspark-orders-repo%20(1)/pyspark-orders-repo/orders.csv,2026-09-10T09:31:12.799+07:00
184,CUS021,HaiPhong,3247998,Success,2026-07-22,file:///C:/Users/ADMIN/Downloads/pyspark-orders-repo%20(1)/pyspark-orders-repo/orders.csv,2026-09-10T09:31:12.799+07:00
51,CUS004,CanTho,4598263,success,2026-01-15,file:///C:/Users/ADMIN/Downloads/pyspark-orders-repo%20(1)/pyspark-orders-repo/orders.csv,2026-09-10T09:31:12.799+07:00
10,CUS003,HCM,2477562,FAILED,2026-08-10,file:///C:/Users/ADMIN/Downloads/pyspark-orders-repo%20(1)/pyspark-orders-repo/orders.csv,2026-09-10T09:31:12.799+07:00
46,CUS036,Hanoi,474365,Pending,2026-08-03,file:///C:/Users/ADMIN/Downloads/pyspark-orders-repo%20(1)/pyspark-orders-repo/orders.csv,2026-09-10T09:31:12.799+07:00
86,CUS020,CanTho,2644467,pending,2026-04-14,file:///C:/Users/ADMIN/Downloads/pyspark-orders-repo%20(1)/pyspark-orders-repo/orders.csv,2026-09-10T09:31:12.799+07:00
195,CUS024,HaiPhong,1271127,success,2026-05-25,file:///C:/Users/ADMIN/Downloads/pyspark-orders-repo%20(1)/pyspark-orders-repo/orders.csv,2026-09-10T09:31:12.799+07:00
65,CUS022,HCM,2264457,success,2026-08-20,file:///C:/Users/ADMIN/Downloads/pyspark-orders-repo%20(1)/pyspark-orders-repo/orders.csv,2026-09-10T09:31:12.799+07:00
137,CUS015,HaiPhong,2090991,Success,2026-04-05,file:///C:/Users/ADMIN/Downloads/pyspark-orders-repo%20(1)/pyspark-orders-repo/orders.csv,2026-09-10T09:31:12.799+07:00
210,CUS009,CanTho,3119035,success,2026-08-01,file:///C:/Users/ADMIN/Downloads/pyspark-orders-repo%20(1)/pyspark-orders-repo/orders.csv,2026-09-10T09:31:12.799+07:00
181,CUS032,HCM,3795911,success,2026-03-27,file:///C:/Users/ADMIN/Downloads/pyspark-orders-repo%20(1)/pyspark-orders-repo/orders.csv,2026-09-10T09:31:12.799+07:00
49,CUS017,HaiPhong,2442843,Success,2026-07-20,file:///C:/Users/ADMIN/Downloads/pyspark-orders-repo%20(1)/pyspark-orders-repo/orders.csv,2026-09-10T09:31:12.799+07:00
17,CUS037,DaNang,1833640,pending,2026-08-15,file:///C:/Users/ADMIN/Downloads/pyspark-orders-repo%20(1)/pyspark-orders-repo/orders.csv,2026-09-10T09:31:12.799+07:00
23,CUS034,DaNang,4690795,FAILED,2026-06-24,file:///C:/Users/ADMIN/Downloads/pyspark-orders-repo%20(1)/pyspark-orders-repo/orders.csv,2026-09-10T09:31:12.799+07:00
139,CUS022,DaNang,3856291,success,2026-03-01,file:///C:/Users/ADMIN/Downloads/pyspark-orders-repo%20(1)/pyspark-orders-repo/orders.csv,2026-09-10T09:31:12.799+07:00
,CUS015,DaNang,1287774,Success,2026-01-01,file:///C:/Users/ADMIN/Downloads/pyspark-orders-repo%20(1)/pyspark-orders-repo/orders.csv,2026-09-10T09:31:12.799+07:00
64,CUS036,HCM,2334622,SUCCESS,2026-07-03,file:///C:/Users/ADMIN/Downloads/pyspark-orders-repo%20(1)/pyspark-orders-repo/orders.csv,2026-09-10T09:31:12.799+07:00
203,CUS019,DaNang,234042,Failed,2026-04-12,file:///C:/Users/ADMIN/Downloads/pyspark-orders-repo%20(1)/pyspark-orders-repo/orders.csv,2026-09-10T09:31:12.799+07:00
,CUS013,Hanoi,3864445,SUCCESS,2026-06-19,file:///C:/Users/ADMIN/Downloads/pyspark-orders-repo%20(1)/pyspark-orders-repo/orders.csv,2026-09-10T09:31:12.799+07:00
42,CUS028,HaiPhong,3967686,FAILED,2026-06-22,file:///C:/Users/ADMIN/Downloads/pyspark-orders-repo%20(1)/pyspark-orders-repo/orders.csv,2026-09-10T09:31:12.799+07:00
38,CUS005,Hanoi,2821835,SUCCESS,2026-03-13,file:///C:/Users/ADMIN/Downloads/pyspark-orders-repo%20(1)/pyspark-orders-repo/orders.csv,2026-09-10T09:31:12.799+07:00
33,CUS034,CanTho,3599538,Failed,2026-07-13,file:///C:/Users/ADMIN/Downloads/pyspark-orders-repo%20(1)/pyspark-orders-repo/orders.csv,2026-09-10T09:31:12.799+07:00
98,CUS008,HaiPhong,1168529,Cancelled,2026-05-16,file:///C:/Users/ADMIN/Downloads/pyspark-orders-repo%20(1)/pyspark-orders-repo/orders.csv,2026-09-10T09:31:12.799+07:00
168,CUS019,HaiPhong,4664544,SUCCESS,2026-03-22,file:///C:/Users/ADMIN/Downloads/pyspark-orders-repo%20(1)/pyspark-orders-repo/orders.csv,2026-09-10T09:31:12.799+07:00
99,CUS036,CanTho,2711688,failed,2026-06-06,file:///C:/Users/ADMIN/Downloads/pyspark-orders-repo%20(1)/pyspark-orders-repo/orders.csv,2026-09-10T09:31:12.799+07:00
201,CUS017,HaiPhong,2584380,success,2026-08-07,file:///C:/Users/ADMIN/Downloads/pyspark-orders-repo%20(1)/pyspark-orders-repo/orders.csv,2026-09-10T09:31:12.799+07:00
39,CUS043,HaiPhong,1847148,Success,2026-08-28,file:///C:/Users/ADMIN/Downloads/pyspark-orders-repo%20(1)/pyspark-orders-repo/orders.csv,2026-09-10T09:31:12.799+07:00
209,CUS006,DaNang,2790718,PENDING,2026-02-21,file:///C:/Users/ADMIN/Downloads/pyspark-orders-repo%20(1)/pyspark-orders-repo/orders.csv,2026-09-10T09:31:12.799+07:00
1,CUS041,Hanoi,259805,PENDING,2026-02-27,file:///C:/Users/ADMIN/Downloads/pyspark-orders-repo%20(1)/pyspark-orders-repo/orders.csv,2026-09-10T09:31:12.799+07:00
187,CUS034,HaiPhong,178744,pending,2026-08-11,file:///C:/Users/ADMIN/Downloads/pyspark-orders-repo%20(1)/pyspark-orders-repo/orders.csv,2026-09-10T09:31:12.799+07:00
77,CUS020,HCM,1920018,SUCCESS,2026-04-13,file:///C:/Users/ADMIN/Downloads/pyspark-orders-repo%20(1)/pyspark-orders-repo/orders.csv,2026-09-10T09:31:12.799+07:00
127,CUS028,DaNang,3906573,pending,2026-02-15,file:///C:/Users/ADMIN/Downloads/pyspark-orders-repo%20(1)/pyspark-orders-repo/orders.csv,2026-09-10T09:31:12.799+07:00
102,CUS041,DaNang,4422979,SUCCESS,2026-03-12,file:///C:/Users/ADMIN/Downloads/pyspark-orders-repo%20(1)/pyspark-orders-repo/orders.csv,2026-09-10T09:31:12.799+07:00
57,CUS043,DaNang,2052242,SUCCESS,2026-06-21,file:///C:/Users/ADMIN/Downloads/pyspark-orders-repo%20(1)/pyspark-orders-repo/orders.csv,2026-09-10T09:31:12.799+07:00
12,CUS024,DaNang,1807472,Pending,2026-08-28,file:///C:/Users/ADMIN/Downloads/pyspark-orders-repo%20(1)/pyspark-orders-repo/orders.csv,2026-09-10T09:31:12.799+07:00
79,CUS042,CanTho,3402745,Pending,2026-03-26,file:///C:/Users/ADMIN/Downloads/pyspark-orders-repo%20(1)/pyspark-orders-repo/orders.csv,2026-09-10T09:31:12.799+07:00
186,CUS038,DaNang,891919,failed,2026-01-26,file:///C:/Users/ADMIN/Downloads/pyspark-orders-repo%20(1)/pyspark-orders-repo/orders.csv,2026-09-10T09:31:12.799+07:00
73,CUS016,HCM,1535222,FAILED,2026-02-15,file:///C:/Users/ADMIN/Downloads/pyspark-orders-repo%20(1)/pyspark-orders-repo/orders.csv,2026-09-10T09:31:12.799+07:00
29,CUS001,CanTho,2769218,SUCCESS,2026-08-26,file:///C:/Users/ADMIN/Downloads/pyspark-orders-repo%20(1)/pyspark-orders-repo/orders.csv,2026-09-10T09:31:12.799+07:00
,CUS012,DaNang,489554,SUCCESS,2026-07-09,file:///C:/Users/ADMIN/Downloads/pyspark-orders-repo%20(1)/pyspark-orders-repo/orders.csv,2026-09-10T09:31:12.799+07:00
89,CUS001,DaNang,2456806,Success,2026-06-05,file:///C:/Users/ADMIN/Downloads/pyspark-orders-repo%20(1)/pyspark-orders-repo/orders.csv,2026-09-10T09:31:12.799+07:00
197,CUS025,CanTho,2070226,Success,2026-02-06,file:///C:/Users/ADMIN/Downloads/pyspark-orders-repo%20(1)/pyspark-orders-repo/orders.csv,2026-09-10T09:31:12.799+07:00
132,CUS002,HaiPhong,2776416,SUCCESS,2026-04-01,file:///C:/Users/ADMIN/Downloads/pyspark-orders-repo%20(1)/pyspark-orders-repo/orders.csv,2026-09-10T09:31:12.799+07:00
162,CUS021,CanTho,2150238,SUCCESS,2026-09-04,file:///C:/Users/ADMIN/Downloads/pyspark-orders-repo%20(1)/pyspark-orders-repo/orders.csv,2026-09-10T09:31:12.799+07:00
153,CUS014,DaNang,731049,SUCCESS,2026-05-22,file:///C:/Users/ADMIN/Downloads/pyspark-orders-repo%20(1)/pyspark-orders-repo/orders.csv,2026-09-10T09:31:12.799+07:00
107,CUS050,CanTho,213845,Failed,2026-04-08,file:///C:/Users/ADMIN/Downloads/pyspark-orders-repo%20(1)/pyspark-orders-repo/orders.csv,2026-09-10T09:31:12.799+07:00
218,CUS030,DaNang,3475033,SUCCESS,2026-08-31,file:///C:/Users/ADMIN/Downloads/pyspark-orders-repo%20(1)/pyspark-orders-repo/orders.csv,2026-09-10T09:31:12.799+07:00
125,CUS003,DaNang,4518991,success,2026-01-18,file:///C:/Users/ADMIN/Downloads/pyspark-orders-repo%20(1)/pyspark-orders-repo/orders.csv,2026-09-10T09:31:12.799+07:00
216,CUS024,Hanoi,2011440,Success,2026-08-15,file:///C:/Users/ADMIN/Downloads/pyspark-orders-repo%20(1)/pyspark-orders-repo/orders.csv,2026-09-10T09:31:12.799+07:00
114,CUS017,HaiPhong,2796033,success,2026-03-28,file:///C:/Users/ADMIN/Downloads/pyspark-orders-repo%20(1)/pyspark-orders-repo/orders.csv,2026-09-10T09:31:12.799+07:00
182,CUS036,CanTho,3214267,success,2026-08-11,file:///C:/Users/ADMIN/Downloads/pyspark-orders-repo%20(1)/pyspark-orders-repo/orders.csv,2026-09-10T09:31:12.799+07:00
21,CUS032,Hanoi,445240,FAILED,2026-06-10,file:///C:/Users/ADMIN/Downloads/pyspark-orders-repo%20(1)/pyspark-orders-repo/orders.csv,2026-09-10T09:31:12.799+07:00
13,CUS044,Hanoi,1485615,SUCCESS,2026-02-11,file:///C:/Users/ADMIN/Downloads/pyspark-orders-repo%20(1)/pyspark-orders-repo/orders.csv,2026-09-10T09:31:12.799+07:00
157,CUS041,CanTho,1709427,Success,2026-02-27,file:///C:/Users/ADMIN/Downloads/pyspark-orders-repo%20(1)/pyspark-orders-repo/orders.csv,2026-09-10T09:31:12.799+07:00
205,CUS004,CanTho,4216850,cancelled,2026-07-18,file:///C:/Users/ADMIN/Downloads/pyspark-orders-repo%20(1)/pyspark-orders-repo/orders.csv,2026-09-10T09:31:12.799+07:00
214,CUS017,CanTho,1086737,Success,2026-07-11,file:///C:/Users/ADMIN/Downloads/pyspark-orders-repo%20(1)/pyspark-orders-repo/orders.csv,2026-09-10T09:31:12.799+07:00
227,CUS032,HaiPhong,0,SUCCESS,2026-03-24,file:///C:/Users/ADMIN/Downloads/pyspark-orders-repo%20(1)/pyspark-orders-repo/orders.csv,2026-09-10T09:31:12.799+07:00
146,CUS019,HaiPhong,4065745,SUCCESS,2026-09-05,file:///C:/Users/ADMIN/Downloads/pyspark-orders-repo%20(1)/pyspark-orders-repo/orders.csv,2026-09-10T09:31:12.799+07:00
84,CUS047,HCM,3105311,Success,2026-08-24,file:///C:/Users/ADMIN/Downloads/pyspark-orders-repo%20(1)/pyspark-orders-repo/orders.csv,2026-09-10T09:31:12.799+07:00
177,CUS031,HaiPhong,2094563,SUCCESS,2026-04-09,file:///C:/Users/ADMIN/Downloads/pyspark-orders-repo%20(1)/pyspark-orders-repo/orders.csv,2026-09-10T09:31:12.799+07:00
198,CUS015,HaiPhong,2180516,Success,2026-01-03,file:///C:/Users/ADMIN/Downloads/pyspark-orders-repo%20(1)/pyspark-orders-repo/orders.csv,2026-09-10T09:31:12.799+07:00
41,CUS027,HCM,841262,success,2026-04-01,file:///C:/Users/ADMIN/Downloads/pyspark-orders-repo%20(1)/pyspark-orders-repo/orders.csv,2026-09-10T09:31:12.799+07:00
88,CUS025,HCM,4824000,Success,2026-08-02,file:///C:/Users/ADMIN/Downloads/pyspark-orders-repo%20(1)/pyspark-orders-repo/orders.csv,2026-09-10T09:31:12.799+07:00
117,CUS023,HCM,625612,Cancelled,2026-01-11,file:///C:/Users/ADMIN/Downloads/pyspark-orders-repo%20(1)/pyspark-orders-repo/orders.csv,2026-09-10T09:31:12.799+07:00
108,CUS031,Hanoi,3000766,success,2026-08-07,file:///C:/Users/ADMIN/Downloads/pyspark-orders-repo%20(1)/pyspark-orders-repo/orders.csv,2026-09-10T09:31:12.799+07:00
97,CUS045,CanTho,3946926,SUCCESS,2026-08-23,file:///C:/Users/ADMIN/Downloads/pyspark-orders-repo%20(1)/pyspark-orders-repo/orders.csv,2026-09-10T09:31:12.799+07:00
56,CUS038,CanTho,4435419,success,2026-02-22,file:///C:/Users/ADMIN/Downloads/pyspark-orders-repo%20(1)/pyspark-orders-repo/orders.csv,2026-09-10T09:31:12.799+07:00
136,CUS031,HaiPhong,3809560,CANCELLED,2026-03-17,file:///C:/Users/ADMIN/Downloads/pyspark-orders-repo%20(1)/pyspark-orders-repo/orders.csv,2026-09-10T09:31:12.799+07:00
221,CUS027,CanTho,0,Success,2026-01-17,file:///C:/Users/ADMIN/Downloads/pyspark-orders-repo%20(1)/pyspark-orders-repo/orders.csv,2026-09-10T09:31:12.799+07:00
180,CUS001,DaNang,2554467,Cancelled,2026-06-18,file:///C:/Users/ADMIN/Downloads/pyspark-orders-repo%20(1)/pyspark-orders-repo/orders.csv,2026-09-10T09:31:12.799+07:00
163,CUS044,CanTho,4975144,Failed,2026-07-30,file:///C:/Users/ADMIN/Downloads/pyspark-orders-repo%20(1)/pyspark-orders-repo/orders.csv,2026-09-10T09:31:12.799+07:00
,CUS047,HCM,3530303,Success,2026-01-26,file:///C:/Users/ADMIN/Downloads/pyspark-orders-repo%20(1)/pyspark-orders-repo/orders.csv,2026-09-10T09:31:12.799+07:00
225,CUS020,HaiPhong,-50000,SUCCESS,2026-01-16,file:///C:/Users/ADMIN/Downloads/pyspark-orders-repo%20(1)/pyspark-orders-repo/orders.csv,2026-09-10T09:31:12.799+07:00
103,CUS029,Hanoi,2446861,success,2026-03-23,file:///C:/Users/ADMIN/Downloads/pyspark-orders-repo%20(1)/pyspark-orders-repo/orders.csv,2026-09-10T09:31:12.799+07:00
183,CUS013,HCM,4846586,success,2026-01-12,file:///C:/Users/ADMIN/Downloads/pyspark-orders-repo%20(1)/pyspark-orders-repo/orders.csv,2026-09-10T09:31:12.799+07:00
145,CUS019,HCM,4167788,SUCCESS,2026-05-27,file:///C:/Users/ADMIN/Downloads/pyspark-orders-repo%20(1)/pyspark-orders-repo/orders.csv,2026-09-10T09:31:12.799+07:00
37,CUS015,Hanoi,645533,PENDING,2026-02-28,file:///C:/Users/ADMIN/Downloads/pyspark-orders-repo%20(1)/pyspark-orders-repo/orders.csv,2026-09-10T09:31:12.799+07:00
179,CUS005,DaNang,3530789,Success,2026-03-10,file:///C:/Users/ADMIN/Downloads/pyspark-orders-repo%20(1)/pyspark-orders-repo/orders.csv,2026-09-10T09:31:12.799+07:00
2,CUS009,Hanoi,4624866,success,2026-01-09,file:///C:/Users/ADMIN/Downloads/pyspark-orders-repo%20(1)/pyspark-orders-repo/orders.csv,2026-09-10T09:31:12.799+07:00
200,CUS023,CanTho,2559487,pending,2026-06-26,file:///C:/Users/ADMIN/Downloads/pyspark-orders-repo%20(1)/pyspark-orders-repo/orders.csv,2026-09-10T09:31:12.799+07:00
87,CUS045,DaNang,4700748,success,2026-06-20,file:///C:/Users/ADMIN/Downloads/pyspark-orders-repo%20(1)/pyspark-orders-repo/orders.csv,2026-09-10T09:31:12.799+07:00
211,CUS011,DaNang,4092032,failed,2026-07-11,file:///C:/Users/ADMIN/Downloads/pyspark-orders-repo%20(1)/pyspark-orders-repo/orders.csv,2026-09-10T09:31:12.799+07:00
70,CUS036,HCM,3655312,success,2026-04-04,file:///C:/Users/ADMIN/Downloads/pyspark-orders-repo%20(1)/pyspark-orders-repo/orders.csv,2026-09-10T09:31:12.799+07:00
47,CUS001,Hanoi,2032894,success,2026-05-04,file:///C:/Users/ADMIN/Downloads/pyspark-orders-repo%20(1)/pyspark-orders-repo/orders.csv,2026-09-10T09:31:12.799+07:00
8,CUS035,Hanoi,3225376,success,2026-08-01,file:///C:/Users/ADMIN/Downloads/pyspark-orders-repo%20(1)/pyspark-orders-repo/orders.csv,2026-09-10T09:31:12.799+07:00
69,CUS045,HCM,4626743,success,2026-05-30,file:///C:/Users/ADMIN/Downloads/pyspark-orders-repo%20(1)/pyspark-orders-repo/orders.csv,2026-09-10T09:31:12.799+07:00
178,CUS013,CanTho,4313433,PENDING,2026-08-10,file:///C:/Users/ADMIN/Downloads/pyspark-orders-repo%20(1)/pyspark-orders-repo/orders.csv,2026-09-10T09:31:12.799+07:00
204,CUS018,Hanoi,4797356,Failed,2026-09-07,file:///C:/Users/ADMIN/Downloads/pyspark-orders-repo%20(1)/pyspark-orders-repo/orders.csv,2026-09-10T09:31:12.799+07:00
156,CUS045,HaiPhong,647099,pending,2026-07-21,file:///C:/Users/ADMIN/Downloads/pyspark-orders-repo%20(1)/pyspark-orders-repo/orders.csv,2026-09-10T09:31:12.799+07:00
7,CUS023,DaNang,2268961,Cancelled,2026-04-28,file:///C:/Users/ADMIN/Downloads/pyspark-orders-repo%20(1)/pyspark-orders-repo/orders.csv,2026-09-10T09:31:12.799+07:00
199,CUS030,DaNang,4635197,success,2026-08-30,file:///C:/Users/ADMIN/Downloads/pyspark-orders-repo%20(1)/pyspark-orders-repo/orders.csv,2026-09-10T09:31:12.799+07:00
165,CUS034,HaiPhong,2383346,Success,2026-04-22,file:///C:/Users/ADMIN/Downloads/pyspark-orders-repo%20(1)/pyspark-orders-repo/orders.csv,2026-09-10T09:31:12.799+07:00
173,CUS045,HaiPhong,1068595,Success,2026-06-05,file:///C:/Users/ADMIN/Downloads/pyspark-orders-repo%20(1)/pyspark-orders-repo/orders.csv,2026-09-10T09:31:12.799+07:00
158,CUS042,HCM,2278286,CANCELLED,2026-01-16,file:///C:/Users/ADMIN/Downloads/pyspark-orders-repo%20(1)/pyspark-orders-repo/orders.csv,2026-09-10T09:31:12.799+07:00
160,CUS030,DaNang,3426486,Failed,2026-05-19,file:///C:/Users/ADMIN/Downloads/pyspark-orders-repo%20(1)/pyspark-orders-repo/orders.csv,2026-09-10T09:31:12.799+07:00
,CUS045,DaNang,1872590,success,2026-04-24,file:///C:/Users/ADMIN/Downloads/pyspark-orders-repo%20(1)/pyspark-orders-repo/orders.csv,2026-09-10T09:31:12.799+07:00
234,CUS029,HCM,-1,success,2026-07-31,file:///C:/Users/ADMIN/Downloads/pyspark-orders-repo%20(1)/pyspark-orders-repo/orders.csv,2026-09-10T09:31:12.799+07:00
202,CUS031,Hanoi,2039825,success,2026-05-28,file:///C:/Users/ADMIN/Downloads/pyspark-orders-repo%20(1)/pyspark-orders-repo/orders.csv,2026-09-10T09:31:12.799+07:00
147,CUS004,DaNang,4057482,SUCCESS,2026-04-13,file:///C:/Users/ADMIN/Downloads/pyspark-orders-repo%20(1)/pyspark-orders-repo/orders.csv,2026-09-10T09:31:12.799+07:00
72,CUS023,CanTho,3458940,Failed,2026-02-09,file:///C:/Users/ADMIN/Downloads/pyspark-orders-repo%20(1)/pyspark-orders-repo/orders.csv,2026-09-10T09:31:12.799+07:00
196,CUS044,HCM,1475926,Success,2026-08-11,file:///C:/Users/ADMIN/Downloads/pyspark-orders-repo%20(1)/pyspark-orders-repo/orders.csv,2026-09-10T09:31:12.799+07:00
30,CUS024,DaNang,2058671,Success,2026-08-31,file:///C:/Users/ADMIN/Downloads/pyspark-orders-repo%20(1)/pyspark-orders-repo/orders.csv,2026-09-10T09:31:12.799+07:00
95,CUS013,HaiPhong,4197136,SUCCESS,2026-06-17,file:///C:/Users/ADMIN/Downloads/pyspark-orders-repo%20(1)/pyspark-orders-repo/orders.csv,2026-09-10T09:31:12.799+07:00
,CUS014,CanTho,229159,SUCCESS,2026-07-21,file:///C:/Users/ADMIN/Downloads/pyspark-orders-repo%20(1)/pyspark-orders-repo/orders.csv,2026-09-10T09:31:12.799+07:00
90,CUS042,DaNang,3950603,Success,2026-02-24,file:///C:/Users/ADMIN/Downloads/pyspark-orders-repo%20(1)/pyspark-orders-repo/orders.csv,2026-09-10T09:31:12.799+07:00
28,CUS049,HCM,4574639,Failed,2026-08-24,file:///C:/Users/ADMIN/Downloads/pyspark-orders-repo%20(1)/pyspark-orders-repo/orders.csv,2026-09-10T09:31:12.799+07:00
58,CUS042,DaNang,3885477,SUCCESS,2026-01-03,file:///C:/Users/ADMIN/Downloads/pyspark-orders-repo%20(1)/pyspark-orders-repo/orders.csv,2026-09-10T09:31:12.799+07:00
124,CUS007,DaNang,1065483,Cancelled,2026-07-20,file:///C:/Users/ADMIN/Downloads/pyspark-orders-repo%20(1)/pyspark-orders-repo/orders.csv,2026-09-10T09:31:12.799+07:00
169,CUS017,DaNang,1022420,failed,2026-08-10,file:///C:/Users/ADMIN/Downloads/pyspark-orders-repo%20(1)/pyspark-orders-repo/orders.csv,2026-09-10T09:31:12.799+07:00
229,CUS040,CanTho,-50000,Success,2026-03-25,file:///C:/Users/ADMIN/Downloads/pyspark-orders-repo%20(1)/pyspark-orders-repo/orders.csv,2026-09-10T09:31:12.799+07:00
55,CUS038,CanTho,383377,pending,2026-06-18,file:///C:/Users/ADMIN/Downloads/pyspark-orders-repo%20(1)/pyspark-orders-repo/orders.csv,2026-09-10T09:31:12.799+07:00
130,CUS021,HCM,776981,success,2026-03-04,file:///C:/Users/ADMIN/Downloads/pyspark-orders-repo%20(1)/pyspark-orders-repo/orders.csv,2026-09-10T09:31:12.799+07:00
148,CUS032,Hanoi,4890404,PENDING,2026-02-08,file:///C:/Users/ADMIN/Downloads/pyspark-orders-repo%20(1)/pyspark-orders-repo/orders.csv,2026-09-10T09:31:12.799+07:00
27,CUS007,DaNang,4308584,PENDING,2026-04-06,file:///C:/Users/ADMIN/Downloads/pyspark-orders-repo%20(1)/pyspark-orders-repo/orders.csv,2026-09-10T09:31:12.799+07:00
219,CUS003,DaNang,4182434,SUCCESS,2026-08-16,file:///C:/Users/ADMIN/Downloads/pyspark-orders-repo%20(1)/pyspark-orders-repo/orders.csv,2026-09-10T09:31:12.799+07:00
80,CUS002,Hanoi,2241231,success,2026-01-10,file:///C:/Users/ADMIN/Downloads/pyspark-orders-repo%20(1)/pyspark-orders-repo/orders.csv,2026-09-10T09:31:12.799+07:00
154,CUS005,HCM,72445,Success,2026-06-02,file:///C:/Users/ADMIN/Downloads/pyspark-orders-repo%20(1)/pyspark-orders-repo/orders.csv,2026-09-10T09:31:12.799+07:00
74,CUS048,DaNang,3503700,Cancelled,2026-07-27,file:///C:/Users/ADMIN/Downloads/pyspark-orders-repo%20(1)/pyspark-orders-repo/orders.csv,2026-09-10T09:31:12.799+07:00
14,CUS030,HaiPhong,2314486,Failed,2026-06-26,file:///C:/Users/ADMIN/Downloads/pyspark-orders-repo%20(1)/pyspark-orders-repo/orders.csv,2026-09-10T09:31:12.799+07:00
185,CUS042,HCM,4205117,FAILED,2026-05-09,file:///C:/Users/ADMIN/Downloads/pyspark-orders-repo%20(1)/pyspark-orders-repo/orders.csv,2026-09-10T09:31:12.799+07:00
109,CUS027,CanTho,4631289,CANCELLED,2026-05-05,file:///C:/Users/ADMIN/Downloads/pyspark-orders-repo%20(1)/pyspark-orders-repo/orders.csv,2026-09-10T09:31:12.799+07:00
193,CUS041,Hanoi,3771845,success,2026-08-20,file:///C:/Users/ADMIN/Downloads/pyspark-orders-repo%20(1)/pyspark-orders-repo/orders.csv,2026-09-10T09:31:12.799+07:00
232,CUS045,Hanoi,-50000,Success,2026-08-13,file:///C:/Users/ADMIN/Downloads/pyspark-orders-repo%20(1)/pyspark-orders-repo/orders.csv,2026-09-10T09:31:12.799+07:00
91,CUS033,HaiPhong,1473474,pending,2026-05-12,file:///C:/Users/ADMIN/Downloads/pyspark-orders-repo%20(1)/pyspark-orders-repo/orders.csv,2026-09-10T09:31:12.799+07:00
106,CUS030,HaiPhong,572322,success,2026-04-10,file:///C:/Users/ADMIN/Downloads/pyspark-orders-repo%20(1)/pyspark-orders-repo/orders.csv,2026-09-10T09:31:12.799+07:00
32,CUS009,HCM,4036957,FAILED,2026-03-09,file:///C:/Users/ADMIN/Downloads/pyspark-orders-repo%20(1)/pyspark-orders-repo/orders.csv,2026-09-10T09:31:12.799+07:00
172,CUS018,CanTho,1149018,failed,2026-08-14,file:///C:/Users/ADMIN/Downloads/pyspark-orders-repo%20(1)/pyspark-orders-repo/orders.csv,2026-09-10T09:31:12.799+07:00
85,CUS022,CanTho,2683315,PENDING,2026-07-04,file:///C:/Users/ADMIN/Downloads/pyspark-orders-repo%20(1)/pyspark-orders-repo/orders.csv,2026-09-10T09:31:12.799+07:00
,CUS016,DaNang,883446,Success,2026-04-05,file:///C:/Users/ADMIN/Downloads/pyspark-orders-repo%20(1)/pyspark-orders-repo/orders.csv,2026-09-10T09:31:12.799+07:00
144,CUS046,CanTho,1111854,SUCCESS,2026-05-22,file:///C:/Users/ADMIN/Downloads/pyspark-orders-repo%20(1)/pyspark-orders-repo/orders.csv,2026-09-10T09:31:12.799+07:00
151,CUS029,DaNang,4986906,failed,2026-05-26,file:///C:/Users/ADMIN/Downloads/pyspark-orders-repo%20(1)/pyspark-orders-repo/orders.csv,2026-09-10T09:31:12.799+07:00
16,CUS003,DaNang,3415214,SUCCESS,2026-08-22,file:///C:/Users/ADMIN/Downloads/pyspark-orders-repo%20(1)/pyspark-orders-repo/orders.csv,2026-09-10T09:31:12.799+07:00
143,CUS013,DaNang,1958267,success,2026-01-04,file:///C:/Users/ADMIN/Downloads/pyspark-orders-repo%20(1)/pyspark-orders-repo/orders.csv,2026-09-10T09:31:12.799+07:00
34,CUS047,HCM,2664865,Success,2026-06-16,file:///C:/Users/ADMIN/Downloads/pyspark-orders-repo%20(1)/pyspark-orders-repo/orders.csv,2026-09-10T09:31:12.799+07:00
208,CUS020,HaiPhong,329881,Pending,2026-02-03,file:///C:/Users/ADMIN/Downloads/pyspark-orders-repo%20(1)/pyspark-orders-repo/orders.csv,2026-09-10T09:31:12.799+07:00
230,CUS025,CanTho,-50000,success,2026-04-27,file:///C:/Users/ADMIN/Downloads/pyspark-orders-repo%20(1)/pyspark-orders-repo/orders.csv,2026-09-10T09:31:12.799+07:00
190,CUS035,HaiPhong,2706346,pending,2026-08-12,file:///C:/Users/ADMIN/Downloads/pyspark-orders-repo%20(1)/pyspark-orders-repo/orders.csv,2026-09-10T09:31:12.799+07:00
191,CUS035,Hanoi,623954,Success,2026-08-24,file:///C:/Users/ADMIN/Downloads/pyspark-orders-repo%20(1)/pyspark-orders-repo/orders.csv,2026-09-10T09:31:12.799+07:00
25,CUS008,DaNang,3697075,SUCCESS,2026-09-02,file:///C:/Users/ADMIN/Downloads/pyspark-orders-repo%20(1)/pyspark-orders-repo/orders.csv,2026-09-10T09:31:12.799+07:00
111,CUS043,HaiPhong,1434495,CANCELLED,2026-06-09,file:///C:/Users/ADMIN/Downloads/pyspark-orders-repo%20(1)/pyspark-orders-repo/orders.csv,2026-09-10T09:31:12.799+07:00
224,CUS040,Hanoi,-50000,Success,2026-05-14,file:///C:/Users/ADMIN/Downloads/pyspark-orders-repo%20(1)/pyspark-orders-repo/orders.csv,2026-09-10T09:31:12.799+07:00
22,CUS011,HaiPhong,582909,Success,2026-04-30,file:///C:/Users/ADMIN/Downloads/pyspark-orders-repo%20(1)/pyspark-orders-repo/orders.csv,2026-09-10T09:31:12.799+07:00
213,CUS015,HaiPhong,4725077,success,2026-01-04,file:///C:/Users/ADMIN/Downloads/pyspark-orders-repo%20(1)/pyspark-orders-repo/orders.csv,2026-09-10T09:31:12.799+07:00
24,CUS047,Hanoi,4554433,Cancelled,2026-03-29,file:///C:/Users/ADMIN/Downloads/pyspark-orders-repo%20(1)/pyspark-orders-repo/orders.csv,2026-09-10T09:31:12.799+07:00
18,CUS042,HaiPhong,1248493,SUCCESS,2026-07-10,file:///C:/Users/ADMIN/Downloads/pyspark-orders-repo%20(1)/pyspark-orders-repo/orders.csv,2026-09-10T09:31:12.799+07:00
122,CUS002,DaNang,4880133,pending,2026-04-12,file:///C:/Users/ADMIN/Downloads/pyspark-orders-repo%20(1)/pyspark-orders-repo/orders.csv,2026-09-10T09:31:12.799+07:00
222,CUS031,HaiPhong,-1,Success,2026-06-01,file:///C:/Users/ADMIN/Downloads/pyspark-orders-repo%20(1)/pyspark-orders-repo/orders.csv,2026-09-10T09:31:12.799+07:00
176,CUS010,HaiPhong,2498312,success,2026-04-17,file:///C:/Users/ADMIN/Downloads/pyspark-orders-repo%20(1)/pyspark-orders-repo/orders.csv,2026-09-10T09:31:12.799+07:00
40,CUS037,CanTho,4015051,success,2026-07-26,file:///C:/Users/ADMIN/Downloads/pyspark-orders-repo%20(1)/pyspark-orders-repo/orders.csv,2026-09-10T09:31:12.799+07:00
96,CUS045,Hanoi,944119,CANCELLED,2026-02-15,file:///C:/Users/ADMIN/Downloads/pyspark-orders-repo%20(1)/pyspark-orders-repo/orders.csv,2026-09-10T09:31:12.799+07:00
66,CUS004,Hanoi,3603211,CANCELLED,2026-01-01,file:///C:/Users/ADMIN/Downloads/pyspark-orders-repo%20(1)/pyspark-orders-repo/orders.csv,2026-09-10T09:31:12.799+07:00
171,CUS034,DaNang,4231663,PENDING,2026-02-22,file:///C:/Users/ADMIN/Downloads/pyspark-orders-repo%20(1)/pyspark-orders-repo/orders.csv,2026-09-10T09:31:12.799+07:00
235,CUS030,HaiPhong,-1,Success,2026-01-25,file:///C:/Users/ADMIN/Downloads/pyspark-orders-repo%20(1)/pyspark-orders-repo/orders.csv,2026-09-10T09:31:12.799+07:00
110,CUS015,DaNang,3706057,success,2026-03-28,file:///C:/Users/ADMIN/Downloads/pyspark-orders-repo%20(1)/pyspark-orders-repo/orders.csv,2026-09-10T09:31:12.799+07:00
81,CUS007,CanTho,3695385,success,2026-04-22,file:///C:/Users/ADMIN/Downloads/pyspark-orders-repo%20(1)/pyspark-orders-repo/orders.csv,2026-09-10T09:31:12.799+07:00
